antecedents,consequents,antecedent support,consequent support,support,confidence,lift,representativity,leverage,conviction,zhangs_metric,jaccard,certainty,kulczynski
frozenset({'Nest Ball SVI 181'}),frozenset({'Ultra Ball SVI 196'}),0.9495412844036697,0.8440366972477065,0.8302752293577982,0.8743961352657005,1.0359693341734928,1.0,0.028827539769379684,1.2417078334509524,0.6880964339527871,0.861904761904762,0.19465757317419696,0.9290458937198067
frozenset({'Ultra Ball SVI 196'}),frozenset({'Nest Ball SVI 181'}),0.8440366972477065,0.9495412844036697,0.8302752293577982,0.983695652173913,1.035969334173493,1.0,0.028827539769379684,3.0948012232415785,0.22261943451413724,0.861904761904762,0.67687747035573,0.9290458937198067
